<?xml version="1.0" encoding="UTF-8"?>
<beans xmlns="http://www.springframework.org/schema/beans"
	xmlns:xsi="http://www.w3.org/2001/XMLSchema-instance"
	xsi:schemaLocation="http://www.springframework.org/schema/beans http://www.springframework.org/schema/beans/spring-beans.xsd">
	
	<!-- Root Context: defines shared resources visible to all other web components -->
	
	<!--  jdbc : db 설정 -->
	<bean class="org.springframework.beans.factory.config.PropertyPlaceholderConfigurer">
	 <property name="locations" value="classpath:com/eclipse/hotel/config/db.properties"></property>
	</bean>
	
	<bean id="dataSource"
         class="org.springframework.jdbc.datasource.SimpleDriverDataSource">
         <property name="driverClass" value="${driver}"></property>
         <property name="url" value="${url}"></property>
         <property name="username" value="${username}"></property>
         <property name="password" value="${password}"></property>
    </bean>
    
	<bean id="transactionManager" class="org.springframework.jdbc.datasource.DataSourceTransactionManager">
      <property name="dataSource" ref="dataSource"></property>
     </bean>
     
     <!-- sqlSession -->
     <bean id="sqlSessionFactoryBean" class="org.mybatis.spring.SqlSessionFactoryBean">
      <property name="dataSource" ref="dataSource"/>
      <property name="configLocation" value="classpath:com/eclipse/hotel/config/Configuration.xml"/>
    </bean>
    
    <bean id="sqlSession" class="org.mybatis.spring.SqlSessionTemplate">
      <constructor-arg index="0" ref="sqlSessionFactoryBean"></constructor-arg>
    </bean>
       
		
</beans>
